ano_mes,ano,mes,periodo_covid,total_mensal_internamentos,temperatura_media_mensal,pm25_medio_mensal,quantidade_dias
2007-09,2007,9,pre_pandemia_historico,6,17.246908341346156,20.831168695673078,26
2007-10,2007,10,pre_pandemia_historico,18,17.765616157258062,11.09412922032258,31
2007-11,2007,11,pre_pandemia_historico,46,17.914200866666665,6.303362798733334,30
2007-12,2007,12,pre_pandemia_historico,22,20.151726504032258,8.285807023580647,31
2008-01,2008,1,pre_pandemia_historico,40,19.64205343548387,5.06503318366129,31
2008-02,2008,2,pre_pandemia_historico,34,19.51798116810345,6.211576116982759,29
2008-03,2008,3,pre_pandemia_historico,39,18.74088508064516,5.404101074217742,31
2008-04,2008,4,pre_pandemia_historico,40,15.510284466666667,5.22669510524775,30
2008-05,2008,5,pre_pandemia_historico,53,12.636891031532256,7.0573771610685485,31
2008-06,2008,6,pre_pandemia_historico,67,10.629626473416666,4.817598269916667,30
2008-07,2008,7,pre_pandemia_historico,56,13.991172561290323,9.41086527164516,31
2008-08,2008,8,pre_pandemia_historico,48,14.331947595967742,9.434344534435484,31
2008-09,2008,9,pre_pandemia_historico,60,13.190049268333333,9.194946894608334,30
2008-10,2008,10,pre_pandemia_historico,98,16.835119439516127,8.570537376337903,31
2008-11,2008,11,pre_pandemia_historico,71,18.052412929166668,5.3122299470000005,30
2008-12,2008,12,pre_pandemia_historico,54,19.19558123467742,6.0135273436612895,31
2009-01,2009,1,pre_pandemia_historico,62,18.70169855645161,5.698560194200001,31
2009-02,2009,2,pre_pandemia_historico,52,19.78124344642857,6.332559205949107,28
2009-03,2009,3,pre_pandemia_historico,69,19.261698076612902,6.542674322822581,31
2009-04,2009,4,pre_pandemia_historico,65,16.855316124999998,6.4700275260253335,30
2009-05,2009,5,pre_pandemia_historico,110,13.991849860241935,6.209070582338709,31
2009-06,2009,6,pre_pandemia_historico,122,10.078006997416667,4.801293913441667,30
2009-07,2009,7,pre_pandemia_historico,89,10.500806227612902,4.985109698503226,31
2009-08,2009,8,pre_pandemia_historico,130,13.861250342741934,11.978436652004032,31
2009-09,2009,9,pre_pandemia_historico,79,14.696228025833333,7.163481835750001,30
2009-10,2009,10,pre_pandemia_historico,106,16.92599488064516,8.390120510064515,31
2009-11,2009,11,pre_pandemia_historico,123,20.804166666666667,8.195364952866667,30
2009-12,2009,12,pre_pandemia_historico,71,20.308614403225803,7.2580159177475805,31
2010-01,2010,1,pre_pandemia_historico,73,20.19909766935484,6.150287813467742,31
2010-02,2010,2,pre_pandemia_historico,66,20.894141035714284,5.626130443482142,28
2010-03,2010,3,pre_pandemia_historico,93,18.86876558064516,4.906986675495831,31
2010-04,2010,4,pre_pandemia_historico,76,16.222735604166665,5.1942560161725,30
2010-05,2010,5,pre_pandemia_historico,104,12.686331434677419,5.3636897541161295,31
2010-06,2010,6,pre_pandemia_historico,131,12.474448670833334,6.954114031916666,30
2010-07,2010,7,pre_pandemia_historico,106,12.124296101774192,5.75862869316129,31
2010-08,2010,8,pre_pandemia_historico,77,12.879996021290323,14.92010675847258,31
2010-09,2010,9,pre_pandemia_historico,82,15.629565394999998,17.004165379666667,30
2010-10,2010,10,pre_pandemia_historico,59,15.368773411290322,9.780154532374194,31
2010-11,2010,11,pre_pandemia_historico,61,17.566961695833335,6.484312884057417,30
2010-12,2010,12,pre_pandemia_historico,67,19.054089951612905,6.584340802116936,31
2011-01,2011,1,pre_pandemia_historico,75,20.484291342741933,6.212568831881371,31
2011-02,2011,2,pre_pandemia_historico,53,20.160716517857143,5.535158668964286,28
2011-03,2011,3,pre_pandemia_historico,85,19.11929514919355,3.071917304004032,31
2011-04,2011,4,pre_pandemia_historico,87,16.879270408333333,4.302598684791667,30
2011-05,2011,5,pre_pandemia_historico,75,13.202328578225806,4.898419652401612,31
2011-06,2011,6,pre_pandemia_historico,101,10.976534033083334,7.970627165333334,30
2011-07,2011,7,pre_pandemia_historico,78,12.596729928870968,6.326320061237904,31
2011-08,2011,8,pre_pandemia_historico,68,13.060065504193549,8.474419255008064,31
2011-09,2011,9,pre_pandemia_historico,60,14.441278040833334,12.286852795708334,30
2011-10,2011,10,pre_pandemia_historico,62,17.24351550645161,7.089824541358871,31
2011-11,2011,11,pre_pandemia_historico,64,17.698166937499998,5.123964361216666,30
2011-12,2011,12,pre_pandemia_historico,40,18.86882654435484,5.23701383074758,31
2012-01,2012,1,pre_pandemia_historico,49,19.762907000000002,4.5648599713653235,31
2012-02,2012,2,pre_pandemia_historico,39,21.015703900862068,5.972630987062068,29
2012-03,2012,3,pre_pandemia_historico,65,18.49794345967742,4.380212316725807,31
2012-04,2012,4,pre_pandemia_historico,94,16.412746178333332,5.249077965941667,30
2012-05,2012,5,pre_pandemia_historico,99,13.466988851612902,5.1061611289540325,31
2012-06,2012,6,pre_pandemia_historico,108,12.355806464166667,5.235086506558333,30
2012-07,2012,7,pre_pandemia_historico,102,11.763605908709676,5.010549346133871,31
2012-08,2012,8,pre_pandemia_historico,41,15.669359729032257,7.834558953259678,31
2012-09,2012,9,pre_pandemia_historico,49,16.129429061666666,12.284680716125,30
2012-10,2012,10,pre_pandemia_historico,67,17.97611060080645,8.217885441125,31
2012-11,2012,11,pre_pandemia_historico,53,19.33977049583333,6.628693891699999,30
2012-12,2012,12,pre_pandemia_historico,21,20.742895330645162,5.118962000814516,31
2013-01,2013,1,pre_pandemia_historico,67,19.718672237903224,3.2184512270821775,31
2013-02,2013,2,pre_pandemia_historico,64,19.643705098214287,5.084872138753839,28
2013-03,2013,3,pre_pandemia_historico,87,17.769392443548387,4.551086949226613,31
2013-04,2013,4,pre_pandemia_historico,100,16.104740415833334,5.3635001243666665,30
2013-05,2013,5,pre_pandemia_historico,110,13.998362919112903,6.683616986536291,31
2013-06,2013,6,pre_pandemia_historico,65,12.620369466666666,7.001065614841666,30
2013-07,2013,7,pre_pandemia_historico,78,11.414238749887096,5.014133429,31
2013-08,2013,8,pre_pandemia_historico,72,12.470347758064516,8.68544742166129,31
2013-09,2013,9,pre_pandemia_historico,79,14.7912536525,10.36758928295,30
2013-10,2013,10,pre_pandemia_historico,83,16.680659163709677,5.88384905366129,31
2013-11,2013,11,pre_pandemia_historico,65,18.7708781,5.067137763238334,30
2013-12,2013,12,pre_pandemia_historico,44,20.006033584677418,5.200111131693548,31
2014-01,2014,1,pre_pandemia_historico,49,20.701731991935485,4.988196981451613,31
2014-02,2014,2,pre_pandemia_historico,49,20.7025059375,5.436069015357143,28
2014-03,2014,3,pre_pandemia_historico,69,18.453346491935484,4.7428555979587905,31
2014-04,2014,4,pre_pandemia_historico,61,16.9653015125,5.595034236666667,30
2014-05,2014,5,pre_pandemia_historico,84,13.662118279838708,6.840578395685484,31
2014-06,2014,6,pre_pandemia_historico,96,13.16937869,5.2248602787500005,30
2014-07,2014,7,pre_pandemia_historico,83,12.251723739516128,5.818904471483871,31
2014-08,2014,8,pre_pandemia_historico,96,14.34320561451613,9.87961175560484,31
2014-09,2014,9,pre_pandemia_historico,78,16.1936279275,8.3282262974125,30
2014-10,2014,10,pre_pandemia_historico,84,19.158822278225806,9.626590841370968,31
2014-11,2014,11,pre_pandemia_historico,49,19.279793304166667,6.319268691625,30
2014-12,2014,12,pre_pandemia_historico,43,19.806820786290324,5.8777580609032265,31
2015-01,2015,1,pre_pandemia_historico,38,20.407977665322584,5.484925018070161,31
2015-02,2015,2,pre_pandemia_historico,40,19.929491294642855,5.330852036910714,28
2015-03,2015,3,pre_pandemia_historico,44,19.341459201612903,4.813295050038225,31
2015-04,2015,4,pre_pandemia_historico,37,17.071240229166666,7.09240133880725,30
2015-05,2015,5,pre_pandemia_historico,46,14.262083993548387,5.560924835556452,31
2015-06,2015,6,pre_pandemia_historico,71,12.938682084166667,5.2796011863075005,30
2015-07,2015,7,pre_pandemia_historico,57,12.744775596774193,5.506843512358064,31
2015-08,2015,8,pre_pandemia_historico,40,16.48176526612903,9.652913891637096,31
2015-09,2015,9,pre_pandemia_historico,46,16.671722427,12.490993117666667,30
2015-10,2015,10,pre_pandemia_historico,38,18.496695298387095,12.095107779354839,31
2015-11,2015,11,pre_pandemia_historico,33,18.199833166666668,7.76889355045,30
2015-12,2015,12,pre_pandemia_historico,38,19.887591927419358,7.467386148935484,31
2016-01,2016,1,pre_pandemia_historico,34,21.301847379032257,6.039944890129032,31
2016-02,2016,2,pre_pandemia_historico,33,20.91407824137931,6.2606161410344825,29
2016-03,2016,3,pre_pandemia_historico,45,18.286655564516128,4.547194726833064,31
2016-04,2016,4,pre_pandemia_historico,62,18.7375365725,8.795553918583332,30
2016-05,2016,5,pre_pandemia_historico,76,12.613967421774193,8.15285583357258,31
2016-06,2016,6,pre_pandemia_historico,76,9.577962265416666,6.596134220983333,30
2016-07,2016,7,pre_pandemia_historico,92,12.2534208725,7.225228187443548,31
2016-08,2016,8,pre_pandemia_historico,82,13.568283591129033,15.014469226290322,31
2016-09,2016,9,pre_pandemia_historico,68,14.305478979166667,13.398571137468334,30
2016-10,2016,10,pre_pandemia_historico,83,16.400667254838712,8.909036409435483,31
2016-11,2016,11,pre_pandemia_historico,58,18.265842675833333,8.610751454355833,30
2016-12,2016,12,pre_pandemia_historico,39,19.209623262096773,5.543419593883871,31
2017-01,2017,1,pre_pandemia_recente,40,20.507945387096775,5.473640533629032,31
2017-02,2017,2,pre_pandemia_recente,62,20.853942897321428,6.065183225674732,28
2017-03,2017,3,pre_pandemia_recente,44,19.24271229435484,5.192392516629033,31
2017-04,2017,4,pre_pandemia_recente,96,16.282519498333333,5.289224607942249,30
2017-05,2017,5,pre_pandemia_recente,108,15.561878802419354,6.227056693387096,31
2017-06,2017,6,pre_pandemia_recente,106,13.019777390249999,5.5481867975,30
2017-07,2017,7,pre_pandemia_recente,92,12.791790362903226,9.506708873016128,31
2017-08,2017,8,pre_pandemia_recente,81,14.796151443548387,11.145689902500001,31
2017-09,2017,9,pre_pandemia_recente,63,19.422705041666667,18.7603045325,30
2017-10,2017,10,pre_pandemia_recente,81,16.666241050806452,8.684327863709676,31
2017-11,2017,11,pre_pandemia_recente,71,17.798610425,7.2383105022975,30
2017-12,2017,12,pre_pandemia_recente,59,20.123451471774192,6.331776949160646,31
2018-01,2018,1,pre_pandemia_recente,39,19.61938577419355,6.85197695766129,31
2018-02,2018,2,pre_pandemia_recente,32,19.376155330357143,5.261155197392857,28
2018-03,2018,3,pre_pandemia_recente,63,19.738026270161292,6.637820402032258,31
2018-04,2018,4,pre_pandemia_recente,64,18.468001275,8.036771829,30
2018-05,2018,5,pre_pandemia_recente,99,14.729670355645162,8.592506581854838,31
2018-06,2018,6,pre_pandemia_recente,117,12.280716944916666,7.246095823666667,30
2018-07,2018,7,pre_pandemia_recente,154,14.153094886290322,9.090296800620969,31
2018-08,2018,8,pre_pandemia_recente,84,12.17372472532258,6.835058591532258,31
2018-09,2018,9,pre_pandemia_recente,81,15.738509095833333,9.197501239416669,30
2018-10,2018,10,pre_pandemia_recente,46,16.790181822580642,7.7619790725,31
2018-11,2018,11,pre_pandemia_recente,58,19.311977175,6.470676627300834,30
2018-12,2018,12,pre_pandemia_recente,53,20.376918657258067,6.577758566806451,31
2019-01,2019,1,pre_pandemia_recente,47,21.541634838709676,7.103706617258065,31
2019-02,2019,2,pre_pandemia_recente,40,19.557011294642855,6.770503472732143,28
2019-03,2019,3,pre_pandemia_recente,53,18.926581556451612,6.517794037096774,31
2019-04,2019,4,pre_pandemia_recente,66,18.17803957916667,6.956509758600166,30
2019-05,2019,5,pre_pandemia_recente,104,15.904301830645162,6.664436692741935,31
2019-06,2019,6,pre_pandemia_recente,100,15.254193128333332,8.090947329833334,30
2019-07,2019,7,pre_pandemia_recente,68,12.593111109193549,9.480714898314515,31
2019-08,2019,8,pre_pandemia_recente,47,13.671368016258064,15.258598914193549,31
2019-09,2019,9,pre_pandemia_recente,34,17.5208963875,19.364762185116668,30
2019-10,2019,10,pre_pandemia_recente,53,19.310463193548387,9.27579798451613,31
2019-11,2019,11,pre_pandemia_recente,33,19.190779658333334,7.376234324773334,30
2019-12,2019,12,pre_pandemia_recente,34,19.591260346774195,5.54333053503629,31
2020-01,2020,1,inicio_2020_pre_marco,16,20.109574798387097,7.48665100657258,31
2020-02,2020,2,inicio_2020_pre_marco,34,19.439045931034485,5.650306997652931,29
2020-03,2020,3,fase_aguda_pandemia,41,19.2729738266129,5.689205054193548,31
2020-04,2020,4,fase_aguda_pandemia,15,15.389312738333333,6.918910532933333,30
2020-05,2020,5,fase_aguda_pandemia,17,12.691623766129034,6.928719364024194,31
2020-06,2020,6,fase_aguda_pandemia,23,13.825561576666667,6.719851263416667,30
2020-07,2020,7,fase_aguda_pandemia,24,12.528819431774194,7.470980868675807,31
2020-08,2020,8,fase_aguda_pandemia,29,14.335351739354838,18.659433534241934,31
2020-09,2020,9,fase_aguda_pandemia,31,18.194946266666665,18.614975227583333,30
2020-10,2020,10,fase_aguda_pandemia,22,18.66156701209677,14.227060032455645,31
2020-11,2020,11,fase_aguda_pandemia,19,18.089005529166666,7.6763686795,30
2020-12,2020,12,fase_aguda_pandemia,24,19.52775618951613,4.945478016927419,31
2021-01,2021,1,fase_aguda_pandemia,24,19.27625002419355,6.233758543580645,31
2021-02,2021,2,fase_aguda_pandemia,27,18.89451167857143,5.115990834669644,28
2021-03,2021,3,fase_aguda_pandemia,20,19.396676366935484,6.447498138096774,31
2021-04,2021,4,fase_aguda_pandemia,24,16.206842056666666,4.655332187208333,30
2021-05,2021,5,fase_aguda_pandemia,30,13.543186297580645,8.17525847016129,31
2021-06,2021,6,fase_aguda_pandemia,43,11.663966931416667,8.759116818625,30
2021-07,2021,7,fase_aguda_pandemia,34,10.726585165451613,12.10628840516129,31
2021-08,2021,8,fase_aguda_pandemia,25,15.100321066935482,20.66912902879032,31
2021-09,2021,9,fase_aguda_pandemia,33,17.127882891666665,16.963159152333333,30
2021-10,2021,10,fase_aguda_pandemia,38,16.219083758064514,8.293712707940323,31
2021-11,2021,11,fase_aguda_pandemia,41,19.158559208333333,7.252710513458334,30
2021-12,2021,12,fase_aguda_pandemia,58,20.87850952016129,6.080439386137097,31
2022-01,2022,1,transicao_pos_fase_aguda,23,20.547314991935487,5.6510728783870965,31
2022-02,2022,2,transicao_pos_fase_aguda,29,20.47191505357143,8.244177465625,28
2022-03,2022,3,transicao_pos_fase_aguda,58,18.890251987903223,6.091968923314516,31
2022-04,2022,4,transicao_pos_fase_aguda,60,16.1442443375,6.897880430200001,30
2022-05,2022,5,transicao_pos_fase_aguda,89,12.250004923387097,6.690897440725807,31
2022-06,2022,6,transicao_pos_fase_aguda,75,12.040684000833332,6.828456704755833,30
2022-07,2022,7,transicao_pos_fase_aguda,29,14.853995052419354,8.797404898548388,31
2022-08,2022,8,transicao_pos_fase_aguda,36,12.593774602419353,9.577086861796532,31
2022-09,2022,9,transicao_pos_fase_aguda,35,12.8949483275,12.597943307166668,30
2022-10,2022,10,transicao_pos_fase_aguda,26,15.990058187096775,8.551785219879033,31
2022-11,2022,11,transicao_pos_fase_aguda,29,16.760146094166668,5.145860986163333,30
2022-12,2022,12,transicao_pos_fase_aguda,26,19.67185237096774,6.808421688870967,31
2023-01,2023,1,pos_fase_critica,25,19.555657137096773,6.838958498064517,31
2023-02,2023,2,pos_fase_critica,23,18.600426799107144,6.475397549541071,28
2023-03,2023,3,pos_fase_critica,56,19.644583459677417,5.69879678967742,31
2023-04,2023,4,pos_fase_critica,72,16.138330083333333,5.23912474675,30
2023-05,2023,5,pos_fase_critica,74,14.757774146774192,6.683882135741936,31
2023-06,2023,6,pos_fase_critica,44,12.866530400833334,6.218301737741666,30
2023-07,2023,7,pos_fase_critica,35,13.466894387096774,6.89335442233871,31
2023-08,2023,8,pos_fase_critica,40,14.976083083870968,11.662011799643548,31
2023-09,2023,9,pos_fase_critica,23,17.662019868333335,11.451501731792499,30
2023-10,2023,10,pos_fase_critica,21,17.387940431451614,10.782496572675564,31
2023-11,2023,11,pos_fase_critica,35,18.99219765666667,12.316961182541666,30
2023-12,2023,12,pos_fase_critica,25,20.610506096774195,6.1130461010161286,31
2024-01,2024,1,pos_fase_critica,20,19.784570516129033,5.683532807064516,31
2024-02,2024,2,pos_fase_critica,13,20.814557336206896,4.696779050482759,29
2024-03,2024,3,pos_fase_critica,21,20.20779418548387,6.410509950645161,31
2024-04,2024,4,pos_fase_critica,45,18.876517816666667,7.000444037308333,30
2024-05,2024,5,pos_fase_critica,59,15.4673137,5.742552752870968,31
2024-06,2024,6,pos_fase_critica,41,15.250630694166667,8.503931201241667,30
2024-07,2024,7,pos_fase_critica,25,12.654853075,9.21872498475,31
2024-08,2024,8,pos_fase_critica,23,14.233852238548387,17.97668013637097,31
2024-09,2024,9,pos_fase_critica,39,18.4638000325,38.222749878583336,30
2024-10,2024,10,pos_fase_critica,40,18.110287552419354,13.553888576467742,31
2024-11,2024,11,pos_fase_critica,33,19.240309658333334,5.685235365308333,30
2024-12,2024,12,pos_fase_critica,15,18.663775620000003,5.5172467838,25
